insert into trTipTren(tip, denumire, tarifLeiKm) values ('R', 'Regio', 0.2);
insert into trTipTren(tip, denumire, tarifLeiKm) values ('IR', 'Inter Regio', 0.3);
insert into trTipTren(tip,denumire, tarifLeiKm) values ('IC', 'Inter City', 0.7);

insert into trTren(codTr, tip, ora, orasPL, orasSos, distKm) values (1538,'IR','08:20','Bucuresti','Constanta',225);
insert into trTren(codTr, tip, ora, orasPL, orasSos, distKm) values (3024,'R','06:25','Brasov','Bucuresti',166);
insert into trTren(codTr, tip, ora, orasPL, orasSos, distKm) values (6443,'R','16:35','Iasi','Pascani',76);
insert into trTren(codTr, tip, ora, orasPL, orasSos, distKm) values (2843,'IC','04:50','Bucuresti','Suceava',447);
insert into trTren(codTr, tip, ora, orasPL, orasSos, distKm) values (1324,'IR','13:10','Curtici','Brasov',450);
insert into trTren(codTr, tip, ora, orasPL, orasSos, distKm) values (4355,'IC','16:30','Ploiesti','Buzau',72);
insert into trTren(codTr, tip, ora, orasPL, orasSos, distKm) values (1621,'R','08:20','Zalau','Oradea',153);
insert into trTren(codTr, tip, ora, orasPL, orasSos, distKm) values (8321,'IR','09:30','Cluj Napoca','Targu Mures',127);

insert into trRuta(codTr, nrOprire, oras, ora) values (1538, 1, 'Ciulnita', '09:19');
insert into trRuta(codTr, nrOprire, oras, ora) values (1538, 2, 'Fetesti', '09:42');
insert into trRuta(codTr, nrOprire, oras, ora) values (8321, 1, 'Campia Turzii', '10:40');
insert into trRuta(codTr, nrOprire, oras, ora) values (8321, 2, 'Razboieni', '12:10');
insert into trRuta(codTr, nrOprire, oras, ora) values (8321, 3, 'Lunca Mures', '12:34');
insert into trRuta(codTr, nrOprire, oras, ora) values (3024, 1, 'Predeal', '06:46');
insert into trRuta(codTr, nrOprire, oras, ora) values (3024, 2, 'Azuga', '07:01');
insert into trRuta(codTr, nrOprire, oras, ora) values (3024, 3, 'Busteni', '07:19');
insert into trRuta(codTr, nrOprire, oras, ora) values (3024, 4, 'Sinaia', '07:30');
insert into trRuta(codTr, nrOprire, oras, ora) values (3024, 5, 'Comarnic', '07:43');
insert into trRuta(codTr, nrOprire, oras, ora) values (3024, 6, 'Campina', '08:02');
insert into trRuta(codTr, nrOprire, oras, ora) values (3024, 7, 'Ploiesti', '08:28');
insert into trRuta(codTr, nrOprire, oras, ora) values (6443, 1, 'Letcani', '16:51');
insert into trRuta(codTr, nrOprire, oras, ora) values (6443, 2, 'Podu Iloaiei', '16:59');
insert into trRuta(codTr, nrOprire, oras, ora) values (6443, 3, 'Budai hc', '17:05');
insert into trRuta(codTr, nrOprire, oras, ora) values (6443, 4, 'Sarca', '17:12');
insert into trRuta(codTr, nrOprire, oras, ora) values (6443, 5, 'Targu Frumos', '17:25');
insert into trRuta(codTr, nrOprire, oras, ora) values (6443, 6, 'Pietrisu hc', '17:32');
insert into trRuta(codTr, nrOprire, oras, ora) values (6443, 7, 'Costesti Iasi', '17:38');
insert into trRuta(codTr, nrOprire, oras, ora) values (6443, 8, 'Ruginoasa', '17:49');

insert into trBilet(nrBilet, codTr,clasa,cnp,nume,data) values (10345, 1538, 2, '2930518391766', 'Popescu Gabriela', TO_DATE('23.04.2023', 'DD.MM.YYYY'));
insert into trBilet(nrBilet, codTr, clasa, cnp, nume, data) values (10346, 3024, 2, '5010412112233', 'Ionescu Andrei', TO_DATE('24.04.2023', 'DD.MM.YYYY'));
insert into trBilet(nrBilet, codTr, clasa, cnp, nume, data) values (10347, 6443, 1, '6020515223344', 'Radu Maria', TO_DATE('25.04.2023', 'DD.MM.YYYY'));
insert into trBilet(nrBilet, codTr, clasa, cnp, nume, data) values (10348, 2843, 2, '1980820334455', 'Stan Mihai', TO_DATE('26.04.2023', 'DD.MM.YYYY'));
insert into trBilet(nrBilet, codTr, clasa, cnp, nume, data) values (10349, 1324, 1, '2951121445566', 'Dumitrescu Elena', TO_DATE('27.04.2023', 'DD.MM.YYYY'));
insert into trBilet(nrBilet, codTr, clasa, cnp, nume, data) values (10350, 4355, 2, '5030210556677', 'Gheorghe Vlad', TO_DATE('28.04.2023', 'DD.MM.YYYY'));
insert into trBilet(nrBilet, codTr, clasa, cnp, nume, data) values (10351, 1621, 2, '6040718667788', 'Marin Andreea', TO_DATE('29.04.2023', 'DD.MM.YYYY'));
insert into trBilet(nrBilet, codTr, clasa, cnp, nume, data) values (10352, 8321, 1, '1900101778899', 'Constantin Ion', TO_DATE('30.04.2023', 'DD.MM.YYYY'));
insert into trBilet(nrBilet, codTr, clasa, cnp, nume, data) values (10353, 1538, 2, '2881212889900', 'Vasile Ioana', TO_DATE('01.05.2023', 'DD.MM.YYYY'));
insert into trBilet(nrBilet, codTr, clasa, cnp, nume, data) values (10354, 3024, 2, '5050315990011', 'Popa Cristian', TO_DATE('02.05.2023', 'DD.MM.YYYY'));
insert into trBilet(nrBilet, codTr, clasa, cnp, nume, data) values (10355, 6443, 1, '6000922112211', 'Toma Diana', TO_DATE('03.05.2023', 'DD.MM.YYYY'));
insert into trBilet(nrBilet, codTr, clasa, cnp, nume, data) values (10356, 2843, 2, '1990414223322', 'Ilie Florin', TO_DATE('04.05.2023', 'DD.MM.YYYY'));
insert into trBilet(nrBilet, codTr, clasa, cnp, nume, data) values (10357, 1324, 2, '2940616334433', 'Dobre Alina', TO_DATE('05.05.2023', 'DD.MM.YYYY'));
insert into trBilet(nrBilet, codTr, clasa, cnp, nume, data) values (10358, 4355, 1, '5011111445544', 'Barbu Alexandru', TO_DATE('06.05.2023', 'DD.MM.YYYY'));
insert into trBilet(nrBilet, codTr, clasa, cnp, nume, data) values (10359, 1621, 2, '6021020556655', 'Munteanu Roxana', TO_DATE('07.05.2023', 'DD.MM.YYYY'));
insert into trBilet(nrBilet, codTr, clasa, cnp, nume, data) values (10360, 8321, 1, '1920505667766', 'Nita George', TO_DATE('08.05.2023', 'DD.MM.YYYY'));
insert into trBilet(nrBilet, codTr, clasa, cnp, nume, data) values (10361, 1538, 2, '2910808778877', 'Matei Simona', TO_DATE('09.05.2023', 'DD.MM.YYYY'));
insert into trBilet(nrBilet, codTr, clasa, cnp, nume, data) values (10362, 3024, 2, '5040228889988', 'Badea Bogdan', TO_DATE('10.05.2023', 'DD.MM.YYYY'));
insert into trBilet(nrBilet, codTr, clasa, cnp, nume, data) values (10363, 6443, 1, '6030130990099', 'Serban Mihaela', TO_DATE('11.05.2023', 'DD.MM.YYYY'));
insert into trBilet(nrBilet, codTr, clasa, cnp, nume, data) values (10364, 2843, 2, '1890717113355', 'Lazar Stefan', TO_DATE('12.05.2023', 'DD.MM.YYYY'));
insert into trBilet(nrBilet, codTr, clasa, cnp, nume, data) values (10365, 1324, 2, '2971203224466', 'Rusu Carmen', TO_DATE('13.05.2023', 'DD.MM.YYYY'));
insert into trBilet(nrBilet, codTr, clasa, cnp, nume, data) values (10366, 4355, 1, '5000519335577', 'Oprea Dragos', TO_DATE('14.05.2023', 'DD.MM.YYYY'));
insert into trBilet(nrBilet, codTr, clasa, cnp, nume, data) values (10367, 1621, 2, '6010825446688', 'Enache Laura', TO_DATE('15.05.2023', 'DD.MM.YYYY'));
insert into trBilet(nrBilet, codTr, clasa, cnp, nume, data) values (10368, 8321, 2, '1950311557799', 'Bucur Adrian', TO_DATE('16.05.2023', 'DD.MM.YYYY'));